,City,Country,Date,Lat,Lon,Max Temp,Humidity,Cloudiness,Wind Speed,Description
0,Fallon,US,2022-07-22 19:38:57,39.4735,-118.7774,94.91,5.0,20.0,0.0,few clouds
1,Mar del plata,AR,2022-07-22 19:38:59,-38.0023,-57.5575,51.94,71.0,0.0,9.22,clear sky
2,Odweyne,SO,2022-07-22 19:39:01,9.4092,45.064,72.97,52.0,5.0,19.15,clear sky
3,Kortkeros,RU,2022-07-22 19:39:02,61.8106,51.5806,62.6,75.0,49.0,2.19,scattered clouds
4,Valle de allende,MX,2022-07-22 19:39:04,26.9333,-105.4,87.62,29.0,100.0,10.67,overcast clouds
5,Chokurdakh,RU,2022-07-22 19:39:06,70.6333,147.9167,44.22,63.0,98.0,12.84,overcast clouds
6,Gainesville,US,2022-07-22 19:36:35,29.6516,-82.3248,95.7,57.0,75.0,3.44,broken clouds
7,Orlik,RU,2022-07-22 19:39:09,52.5178,99.825,52.81,85.0,100.0,3.27,light rain
8,Atuona,PF,2022-07-22 19:39:11,-9.8,-139.0333,77.25,77.0,4.0,14.61,clear sky
9,Hermanus,ZA,2022-07-22 19:39:13,-34.4187,19.2345,55.8,83.0,100.0,11.95,light rain
10,Aloleng,PH,2022-07-22 19:34:32,16.1307,119.7824,81.79,80.0,4.0,4.0,clear sky
11,Avera,PF,2022-07-22 19:39:18,33.194,-82.5271,88.38,50.0,100.0,9.04,overcast clouds
12,Hibbing,US,2022-07-22 19:35:54,47.4272,-92.9377,81.75,47.0,40.0,8.05,scattered clouds
13,Necochea,AR,2022-07-22 19:39:21,-38.5473,-58.7368,48.83,73.0,99.0,6.49,overcast clouds
14,Lorengau,PG,2022-07-22 19:39:23,-2.0226,147.2712,81.37,80.0,28.0,8.46,scattered clouds
15,Faanui,PF,2022-07-22 19:39:27,-16.4833,-151.75,78.04,74.0,17.0,9.46,few clouds
16,Pangnirtung,CA,2022-07-22 19:39:28,66.1451,-65.7125,50.0,81.0,20.0,9.22,few clouds
17,Bela cruz,BR,2022-07-22 19:39:30,-3.0506,-40.1678,85.98,56.0,77.0,12.28,broken clouds
18,Keti bandar,PK,2022-07-22 19:39:32,24.1447,67.4497,83.43,87.0,92.0,17.67,overcast clouds
19,Fare,PF,2022-07-22 19:39:34,-16.7,-151.0167,77.63,75.0,7.0,8.9,light rain
20,Namatanai,PG,2022-07-22 19:39:36,-3.6667,152.4333,77.94,79.0,7.0,6.46,clear sky
21,San patricio,MX,2022-07-22 19:39:38,28.017,-97.5169,98.17,43.0,5.0,16.93,clear sky
22,Yaounde,CM,2022-07-22 19:39:40,3.8667,11.5167,67.35,98.0,100.0,3.91,light rain
23,Khairpur nathan shah,PK,2022-07-22 19:39:42,27.0936,67.7337,90.7,58.0,100.0,3.38,overcast clouds
24,West wendover,US,2022-07-22 19:39:47,40.7391,-114.0733,92.41,20.0,0.0,8.05,clear sky
25,Colwyn bay,GB,2022-07-22 19:39:49,53.2948,-3.7267,62.83,94.0,70.0,5.17,broken clouds
26,Chalakudi,IN,2022-07-22 19:39:51,10.304,76.3361,76.91,94.0,75.0,3.44,mist
27,Bredasdorp,ZA,2022-07-22 19:39:53,-34.5322,20.0403,56.46,66.0,100.0,9.55,overcast clouds
28,Atikokan,CA,2022-07-22 19:35:30,48.7555,-91.6216,80.74,31.0,11.0,15.61,few clouds
29,Labuhan,ID,2022-07-22 19:39:56,-6.8844,112.2051,75.07,85.0,55.0,7.52,broken clouds
30,Chumikan,RU,2022-07-22 19:39:58,54.7183,135.315,51.93,95.0,45.0,0.51,scattered clouds
31,Mirpur mathelo,PK,2022-07-22 19:40:02,28.0227,69.5489,87.76,62.0,97.0,7.31,overcast clouds
32,Sao raimundo nonato,BR,2022-07-22 19:40:03,-9.0153,-42.6994,88.5,27.0,77.0,8.34,broken clouds
33,Kamenka,RU,2022-07-22 19:38:54,51.3223,42.7678,57.97,91.0,92.0,6.26,light rain
34,Chuy,UY,2022-07-22 19:40:07,-33.6971,-53.4616,57.74,92.0,80.0,4.43,broken clouds
35,Stornoway,GB,2022-07-22 19:40:09,58.2093,-6.3865,58.96,82.0,75.0,1.14,broken clouds
36,San quintin,MX,2022-07-22 19:40:10,30.4833,-115.95,74.59,63.0,99.0,16.67,overcast clouds
37,Mataura,PF,2022-07-22 19:40:12,-46.1927,168.8643,33.48,98.0,14.0,2.98,few clouds
38,Samarai,PG,2022-07-22 19:40:14,-10.6167,150.6667,79.48,81.0,39.0,5.23,scattered clouds
39,Amalapuram,IN,2022-07-22 19:40:16,16.5833,82.0167,78.6,86.0,100.0,7.23,overcast clouds
40,Churapcha,RU,2022-07-22 19:40:18,62.0025,132.4325,63.55,93.0,100.0,3.4,light rain
41,Tazovskiy,RU,2022-07-22 19:40:20,67.4667,78.7,45.52,94.0,100.0,7.25,light rain
42,Seredka,RU,2022-07-22 19:40:22,58.1584,28.1858,65.95,77.0,80.0,6.11,broken clouds
43,Rawson,AR,2022-07-22 19:40:24,-43.3002,-65.1023,43.41,33.0,100.0,6.06,overcast clouds
44,Padang,ID,2022-07-22 19:40:25,-0.9492,100.3543,77.94,87.0,96.0,4.14,overcast clouds
45,Baie-comeau,CA,2022-07-22 19:40:27,49.2168,-68.1489,74.88,69.0,20.0,9.22,few clouds
46,Verkhnyaya inta,RU,2022-07-22 19:41:31,65.9811,60.3094,44.69,81.0,78.0,9.06,broken clouds
47,Banff,CA,2022-07-22 19:41:33,51.1762,-115.5698,75.58,33.0,81.0,4.61,broken clouds
48,Rio cuarto,AR,2022-07-22 19:40:16,-33.1307,-64.3499,73.47,37.0,0.0,14.97,clear sky
49,Cape town,ZA,2022-07-22 19:40:31,-33.9258,18.4232,58.26,86.0,75.0,9.22,light rain
50,Wewak,PG,2022-07-22 19:41:38,-3.5534,143.6268,77.83,88.0,23.0,4.63,few clouds
51,Rio gallegos,AR,2022-07-22 19:41:40,-51.6226,-69.2181,39.25,60.0,0.0,25.32,clear sky
52,Kruisfontein,ZA,2022-07-22 19:41:41,-34.0033,24.7314,50.88,75.0,100.0,5.86,overcast clouds
53,Nagato,JP,2022-07-22 19:41:43,34.3833,131.2,72.95,88.0,83.0,4.59,broken clouds
54,Zaragoza,ES,2022-07-22 19:41:45,41.6561,-0.8773,81.05,51.0,0.0,24.16,clear sky
55,Ajdabiya,LY,2022-07-22 19:41:48,30.7554,20.2263,78.89,70.0,0.0,17.38,clear sky
56,Navahrudak,BY,2022-07-22 19:41:50,53.6,25.8333,65.46,82.0,0.0,4.65,clear sky
57,Ponta do sol,CV,2022-07-22 19:41:51,32.6667,-17.1,74.71,74.0,4.0,6.51,clear sky
58,Great falls,US,2022-07-22 19:39:31,47.5002,-111.3008,90.79,12.0,0.0,17.27,clear sky
59,Hovd,MN,2022-07-22 19:41:55,48.0056,91.6419,62.53,51.0,86.0,13.85,overcast clouds
60,Awbari,LY,2022-07-22 19:41:57,26.5921,12.7805,84.97,19.0,0.0,8.46,clear sky
61,Hattiesburg,US,2022-07-22 19:41:59,31.3271,-89.2903,88.25,74.0,100.0,6.91,overcast clouds
62,Taksimo,RU,2022-07-22 19:42:00,56.3444,114.8794,63.9,91.0,69.0,0.18,broken clouds
63,Anqiu,CN,2022-07-22 19:42:02,36.4342,119.1925,68.68,96.0,100.0,14.16,light rain
64,Luwuk,ID,2022-07-22 19:42:04,-0.9516,122.7875,76.73,92.0,63.0,6.11,broken clouds
65,Ribeira brava,CV,2022-07-22 19:42:06,32.65,-17.0667,74.71,77.0,4.0,6.91,clear sky
66,San carlos de bariloche,AR,2022-07-22 19:42:08,-41.1456,-71.3082,35.35,87.0,100.0,4.61,light rain and snow
67,Quesnel,CA,2022-07-22 19:42:10,52.9999,-122.5029,73.9,40.0,0.0,5.75,clear sky
68,Vysokogornyy,RU,2022-07-22 19:42:12,50.1167,139.15,54.57,99.0,100.0,2.35,overcast clouds
69,Coari,BR,2022-07-22 19:42:14,-4.085,-63.1414,82.69,72.0,77.0,0.11,broken clouds
70,Burgos,ES,2022-07-22 19:42:16,42.3394,-3.7079,61.21,82.0,40.0,18.41,scattered clouds
71,Inhambane,MZ,2022-07-22 19:42:18,-23.865,35.3833,62.58,94.0,20.0,0.0,few clouds
72,Nangomba,TZ,2022-07-22 19:42:20,-10.9,38.5,71.74,62.0,90.0,6.4,overcast clouds
73,Ludwigsfelde,DE,2022-07-22 19:42:22,52.3,13.2667,72.0,70.0,0.0,8.05,clear sky
74,West bay,KY,2022-07-22 19:42:24,19.3667,-81.4167,90.07,77.0,20.0,13.8,few clouds
75,Springdale,CA,2022-07-22 19:42:25,36.1867,-94.1288,96.57,41.0,0.0,11.5,clear sky
76,Lavrentiya,RU,2022-07-22 19:38:56,65.5833,-171.0,41.38,91.0,100.0,11.61,light rain
77,Puerto ayora,EC,2022-07-22 19:41:00,-0.7393,-90.3518,80.56,84.0,59.0,10.0,broken clouds
78,Dengfeng,CN,2022-07-22 19:42:31,34.4553,113.0281,64.74,92.0,0.0,6.22,clear sky
79,Steinbach,CA,2022-07-22 19:42:34,50.1667,8.5667,80.11,44.0,0.0,6.91,clear sky
80,Nynashamn,SE,2022-07-22 19:42:36,58.9034,17.9479,66.16,92.0,99.0,6.76,overcast clouds
81,Aksu,KZ,2022-07-22 19:42:38,41.1231,80.2644,82.33,21.0,0.0,2.93,clear sky
82,Laela,TZ,2022-07-22 19:42:40,-8.5667,32.05,61.36,53.0,63.0,4.74,broken clouds
83,Aljezur,PT,2022-07-22 19:42:42,37.3191,-8.8033,68.58,73.0,2.0,7.92,clear sky
84,Mocuba,MZ,2022-07-22 19:42:44,-16.8392,36.9856,63.21,90.0,0.0,1.74,clear sky
85,Hamza,UZ,2022-07-22 19:42:46,40.4264,71.4956,85.95,13.0,0.0,4.07,clear sky
86,Quatre cocos,MU,2022-07-22 19:42:49,-20.2078,57.7625,70.09,77.0,10.0,16.37,light rain
87,Morganton,US,2022-07-22 19:39:14,35.7454,-81.6848,95.4,48.0,0.0,4.61,clear sky
88,Sorland,NO,2022-07-22 19:42:52,67.667,12.6934,49.86,88.0,100.0,23.38,overcast clouds
89,Turbat,PK,2022-07-22 19:42:54,26.0023,63.044,84.47,74.0,100.0,5.7,overcast clouds
90,Abu dhabi,AE,2022-07-22 19:42:56,24.4667,54.3667,100.51,61.0,0.0,6.91,clear sky
91,Sungaipenuh,ID,2022-07-22 19:42:58,-2.0833,101.3833,64.42,96.0,100.0,3.71,overcast clouds
92,San cristobal,EC,2022-07-22 19:38:52,7.7669,-72.225,80.78,52.0,72.0,6.73,broken clouds
93,Oytal,KZ,2022-07-22 19:44:01,42.9057,73.2697,80.67,23.0,0.0,2.95,clear sky
94,Riviere-du-loup,CA,2022-07-22 19:41:48,47.8304,-69.5342,77.27,61.0,55.0,8.05,broken clouds
95,Umarkot,PK,2022-07-22 19:44:04,25.3616,69.7362,86.97,71.0,100.0,17.38,light rain
96,Leningradskiy,RU,2022-07-22 19:44:06,69.3833,178.4167,34.66,91.0,99.0,8.08,overcast clouds
97,Neiafu,TO,2022-07-22 19:44:08,-18.65,-173.9833,66.88,94.0,40.0,0.0,scattered clouds
98,Naco,MX,2022-07-22 19:44:10,31.3347,-109.9483,93.76,37.0,97.0,6.02,overcast clouds
99,Smidovich,RU,2022-07-22 19:44:12,48.6,133.8167,58.46,86.0,63.0,6.13,broken clouds
100,Pangai,TO,2022-07-22 19:44:13,-19.8,-174.35,75.31,83.0,20.0,6.91,few clouds
101,Bethanien,NA,2022-07-22 19:44:16,-26.502,17.1583,60.85,29.0,16.0,5.03,few clouds
102,Mehamn,NO,2022-07-22 19:41:47,71.0357,27.8492,53.55,87.0,75.0,14.97,light intensity drizzle
103,Vaini,TO,2022-07-22 19:44:19,-21.2,-175.2,71.76,94.0,20.0,6.91,few clouds
104,Balkhash,KZ,2022-07-22 19:44:21,46.844,74.9804,77.05,33.0,29.0,14.41,scattered clouds
105,Bo phloi,TH,2022-07-22 19:44:23,14.3236,99.5161,75.31,90.0,100.0,4.65,moderate rain
106,Camanducaia,BR,2022-07-22 19:44:27,-22.7553,-46.1447,68.68,48.0,0.0,2.93,clear sky
107,Vardo,NO,2022-07-22 19:44:29,70.3705,31.1107,53.58,82.0,40.0,2.3,scattered clouds
108,Balykshi,KZ,2022-07-22 19:44:30,47.0667,51.8667,75.2,73.0,40.0,4.47,scattered clouds
109,Vieques,US,2022-07-22 19:44:32,18.425,-65.8329,86.88,74.0,40.0,18.41,haze
110,Chaohu,CN,2022-07-22 19:44:34,31.6,117.8667,80.71,87.0,100.0,6.33,overcast clouds
111,Podgornoye,RU,2022-07-22 19:44:36,51.735,39.1496,59.22,88.0,0.0,4.47,clear sky
112,Souillac,MU,2022-07-22 19:40:36,-20.5167,57.5167,70.18,83.0,75.0,12.66,broken clouds
113,Petropavlovka,RU,2022-07-22 19:44:39,50.6114,105.3196,54.16,97.0,100.0,3.62,overcast clouds
114,Sampit,ID,2022-07-22 19:44:41,-2.5333,112.95,72.99,99.0,45.0,0.6,scattered clouds
115,Dolzhanskaya,RU,2022-07-22 19:44:43,46.6311,37.8039,71.89,63.0,81.0,14.76,light rain
116,Nantucket,US,2022-07-22 19:44:45,41.2835,-70.0995,89.74,74.0,0.0,6.91,clear sky
117,Kargopol,RU,2022-07-22 19:44:47,61.5071,38.9456,63.54,74.0,81.0,5.19,broken clouds
118,Sirsi,IN,2022-07-22 19:44:48,14.6167,74.85,70.43,95.0,100.0,4.63,overcast clouds
119,Saint-ambroise,CA,2022-07-22 19:44:50,48.5501,-71.3324,79.12,53.0,70.0,4.61,broken clouds
120,Esperance,AU,2022-07-22 19:44:52,-33.8667,121.9,54.09,73.0,100.0,17.02,overcast clouds
121,Alice springs,AU,2022-07-22 19:44:54,-23.7,133.8833,44.15,53.0,0.0,0.0,clear sky
122,Jumla,NP,2022-07-22 19:44:56,29.2747,82.1838,63.52,97.0,100.0,0.69,overcast clouds
123,Omboue,GA,2022-07-22 19:44:57,-1.5746,9.2618,71.15,81.0,89.0,10.87,overcast clouds
124,Flinders,AU,2022-07-22 19:44:59,-34.5833,150.8552,52.18,93.0,58.0,5.99,broken clouds
125,Luganville,VU,2022-07-22 19:41:17,-15.5333,167.1667,77.95,86.0,38.0,9.8,heavy intensity rain
126,Itoman,JP,2022-07-22 19:45:05,26.1247,127.6694,84.97,87.0,40.0,11.5,light intensity drizzle
127,Port-gentil,GA,2022-07-22 19:42:24,-0.7193,8.7815,75.16,83.0,20.0,13.8,few clouds
128,Zyryanovsk,KZ,2022-07-22 19:45:09,49.7386,84.2719,55.67,91.0,0.0,2.01,clear sky
129,Ambilobe,MG,2022-07-22 19:45:10,-13.2,49.05,64.45,78.0,0.0,4.43,clear sky
130,Sola,VU,2022-07-22 19:45:12,-13.8833,167.55,80.46,78.0,59.0,14.92,broken clouds
131,Ust-nera,RU,2022-07-22 19:45:16,64.5667,143.2,68.13,71.0,92.0,5.41,overcast clouds
132,Vila,VU,2022-07-22 19:45:18,42.0304,-8.1588,63.48,51.0,0.0,6.42,clear sky
133,Ust-omchug,RU,2022-07-22 19:45:20,61.15,149.6333,56.48,68.0,58.0,1.72,broken clouds
134,Ames,US,2022-07-22 19:45:22,42.0347,-93.6199,94.06,47.0,0.0,13.8,clear sky
135,Port hueneme,US,2022-07-22 19:45:23,34.1478,-119.1951,95.25,70.0,0.0,9.22,clear sky
136,Des moines,US,2022-07-22 19:43:23,41.6005,-93.6091,94.3,39.0,20.0,14.97,few clouds
137,Clyde river,CA,2022-07-22 19:41:21,70.4692,-68.5914,55.63,62.0,75.0,16.11,broken clouds
138,Yellowknife,CA,2022-07-22 19:44:28,62.456,-114.3525,68.52,49.0,40.0,9.22,scattered clouds
139,Koumac,NC,2022-07-22 19:46:31,-20.5667,164.2833,75.42,88.0,99.0,9.71,overcast clouds
140,Geraldton,AU,2022-07-22 19:41:34,-28.7667,114.6,52.21,82.0,40.0,13.8,scattered clouds
141,Jinchang,CN,2022-07-22 19:46:35,38.4953,102.1739,69.58,37.0,0.0,7.25,clear sky
142,Erzin,RU,2022-07-22 19:42:18,36.9559,36.2,76.82,58.0,0.0,2.21,clear sky
143,Khao wong,TH,2022-07-22 19:46:38,16.7001,104.0902,75.0,92.0,100.0,2.39,overcast clouds
144,Sabzevar,IR,2022-07-22 19:46:42,36.2126,57.6819,90.68,18.0,0.0,13.8,clear sky
145,Dingle,IE,2022-07-22 19:46:44,10.9995,122.6711,76.32,92.0,86.0,4.74,overcast clouds
146,Batemans bay,AU,2022-07-22 19:46:45,-35.7167,150.1833,50.09,91.0,58.0,4.92,broken clouds
147,Rogaska slatina,SI,2022-07-22 19:46:47,46.2375,15.6397,79.99,56.0,0.0,2.75,clear sky
148,Quirinopolis,BR,2022-07-22 19:43:59,-18.4483,-50.4517,84.78,25.0,0.0,3.89,clear sky
149,Brae,GB,2022-07-22 19:46:51,60.3964,-1.353,51.71,76.0,100.0,8.81,overcast clouds
150,Ankazoabo,MG,2022-07-22 19:46:53,-22.2833,44.5167,63.09,54.0,44.0,2.71,scattered clouds
151,Bansi,IN,2022-07-22 19:46:55,27.1833,82.9333,84.97,70.0,100.0,12.06,overcast clouds
152,Druskininkai,LT,2022-07-22 19:46:57,54.0167,23.9667,69.89,80.0,3.0,5.73,clear sky
153,Camana,PE,2022-07-22 19:46:59,-16.6228,-72.7111,61.75,81.0,53.0,5.5,broken clouds
154,Bowen,AU,2022-07-22 19:47:01,-20.0167,148.2333,58.15,66.0,0.0,6.67,clear sky
155,Katsuura,JP,2022-07-22 19:47:03,35.1333,140.3,78.4,83.0,0.0,18.48,clear sky
156,Ayan,RU,2022-07-22 19:47:05,56.45,138.1667,58.55,90.0,55.0,5.99,broken clouds
157,Barrow,US,2022-07-22 19:47:06,71.2906,-156.7887,39.22,87.0,100.0,11.5,mist
158,Semirom,IR,2022-07-22 19:47:08,31.4167,51.5667,71.06,38.0,12.0,4.56,few clouds
159,Bethel,US,2022-07-22 19:47:10,41.3712,-73.414,95.04,40.0,0.0,10.36,clear sky
160,Hervey bay,AU,2022-07-22 19:43:15,-25.2986,152.8535,63.43,76.0,100.0,19.3,overcast clouds
161,Alofi,NU,2022-07-22 19:47:16,-19.0595,-169.9187,67.89,100.0,100.0,1.14,overcast clouds
162,Hobart,AU,2022-07-22 19:47:18,-42.8794,147.3294,51.26,84.0,100.0,8.05,overcast clouds
163,Ahipara,NZ,2022-07-22 19:42:39,-35.1667,173.1667,48.31,84.0,100.0,7.67,overcast clouds
164,Hilo,US,2022-07-22 19:47:21,19.7297,-155.09,84.27,88.0,100.0,6.91,overcast clouds
165,Broome,AU,2022-07-22 19:47:23,42.2506,-75.833,93.02,43.0,20.0,6.91,few clouds
166,Urusha,RU,2022-07-22 19:47:25,54.05,122.9,60.26,97.0,28.0,2.93,scattered clouds
167,Camacha,PT,2022-07-22 19:47:27,33.0833,-16.3333,67.42,68.0,75.0,16.11,broken clouds
168,Kavaratti,IN,2022-07-22 19:47:29,10.5669,72.642,81.16,81.0,100.0,19.13,overcast clouds
169,Kahului,US,2022-07-22 19:47:31,20.8947,-156.47,84.22,63.0,20.0,20.71,few clouds
170,Asau,TV,2022-07-22 19:47:34,46.4333,26.4,72.52,52.0,5.0,5.17,clear sky
171,Azare,NG,2022-07-22 19:47:36,11.6765,10.1948,80.33,69.0,100.0,6.96,overcast clouds
172,Matara,LK,2022-07-22 19:47:38,5.9485,80.5353,77.9,88.0,100.0,13.69,overcast clouds
173,Flin flon,CA,2022-07-22 19:45:44,54.7682,-101.865,58.84,72.0,100.0,3.44,smoke
174,Kenai,US,2022-07-22 19:47:41,60.5544,-151.2583,61.03,75.0,75.0,16.11,broken clouds
175,Kailua,US,2022-07-22 19:44:37,21.4022,-157.7394,84.18,70.0,75.0,11.5,broken clouds
176,Canmore,CA,2022-07-22 19:46:41,51.0834,-115.3521,76.48,33.0,80.0,4.61,broken clouds
177,Beloha,MG,2022-07-22 19:47:47,-25.1667,45.05,63.79,90.0,0.0,8.12,clear sky
178,Vao,NC,2022-07-22 19:47:49,-22.6667,167.4833,74.35,87.0,72.0,24.58,broken clouds
179,Aliwal north,ZA,2022-07-22 19:47:51,-30.6937,26.7114,51.82,40.0,3.0,4.65,clear sky
180,Ketchikan,US,2022-07-22 19:47:53,55.3422,-131.6461,63.07,72.0,75.0,8.05,broken clouds
181,Indianola,US,2022-07-22 19:47:55,41.3581,-93.5574,93.96,26.0,100.0,12.68,overcast clouds
182,Bluff,NZ,2022-07-22 19:47:57,-46.6,168.3333,33.8,85.0,11.0,7.2,few clouds
183,Kapaa,US,2022-07-22 19:48:00,22.0752,-159.319,80.92,75.0,40.0,12.66,scattered clouds
184,Kodiak,US,2022-07-22 19:48:02,57.79,-152.4072,56.71,51.0,0.0,6.91,clear sky
185,Lethem,GY,2022-07-22 19:49:04,3.3803,-59.7968,84.47,69.0,91.0,8.77,overcast clouds
186,Lufilufi,WS,2022-07-22 19:49:09,-13.8745,-171.5986,74.98,78.0,16.0,9.64,light rain
187,Nome,US,2022-07-22 19:49:11,64.5011,-165.4064,46.47,93.0,100.0,10.36,light rain
188,Busselton,AU,2022-07-22 19:49:13,-33.65,115.3333,58.84,82.0,40.0,19.13,scattered clouds
189,Karratha,AU,2022-07-22 19:49:15,-20.7377,116.8463,68.88,63.0,0.0,9.64,clear sky
190,Palmer,US,2022-07-22 19:48:27,42.1584,-72.3287,94.21,39.0,20.0,12.66,few clouds
191,Katherine,AU,2022-07-22 19:49:20,-14.4667,132.2667,50.32,57.0,2.0,8.05,clear sky
192,Sitka,US,2022-07-22 19:48:12,57.0531,-135.33,55.29,82.0,100.0,10.36,light rain
193,Lagoa,PT,2022-07-22 19:49:25,39.05,-27.9833,72.61,90.0,100.0,9.17,overcast clouds
194,Alpena,US,2022-07-22 19:47:59,45.0617,-83.4327,88.12,39.0,75.0,13.8,broken clouds
195,Hofn,IS,2022-07-22 19:48:15,64.2539,-15.2082,52.12,93.0,47.0,7.49,scattered clouds
196,Ashqelon,IL,2022-07-22 19:49:30,31.6693,34.5715,81.82,69.0,2.0,5.14,clear sky
197,Nanortalik,GL,2022-07-22 19:49:32,60.1432,-45.2371,49.37,78.0,19.0,3.15,few clouds
198,Isangel,VU,2022-07-22 19:49:34,-19.55,169.2667,76.05,85.0,100.0,10.83,light rain
199,Husavik,IS,2022-07-22 19:49:36,66.0449,-17.3389,51.08,83.0,43.0,4.09,scattered clouds
200,Lashio,MM,2022-07-22 19:49:37,22.9333,97.75,67.82,99.0,94.0,1.01,overcast clouds
201,Puerto carreno,CO,2022-07-22 19:49:40,6.189,-67.4859,87.78,66.0,40.0,6.91,scattered clouds
202,Solnechnyy,RU,2022-07-22 19:49:42,50.7214,136.6319,55.51,95.0,100.0,5.48,overcast clouds
203,Taltal,CL,2022-07-22 19:48:10,-25.4,-70.4833,58.98,79.0,100.0,2.42,overcast clouds
204,Bahia blanca,AR,2022-07-22 19:49:46,-38.7196,-62.2724,52.68,58.0,100.0,7.67,overcast clouds
205,Waterloo,SL,2022-07-22 19:45:55,43.4668,-80.5164,87.03,39.0,20.0,14.97,few clouds
206,Narsaq,GL,2022-07-22 19:45:40,60.9167,-46.05,64.62,61.0,56.0,4.85,broken clouds
207,Saint-joseph,RE,2022-07-22 19:49:51,-21.3667,55.6167,65.21,79.0,16.0,12.68,light rain
208,Mackenzie,CA,2022-07-22 19:45:44,55.2999,-123.1698,70.02,43.0,0.0,2.3,clear sky
209,Saint-leu,RE,2022-07-22 19:49:55,-21.15,55.2833,68.32,70.0,2.0,1.92,clear sky
210,Maragogi,BR,2022-07-22 19:49:37,-9.0122,-35.2225,74.71,84.0,100.0,10.78,overcast clouds
211,Pochutla,MX,2022-07-22 19:49:59,15.7432,-96.4661,82.81,68.0,99.0,6.31,overcast clouds
212,Bengkulu,ID,2022-07-22 19:50:01,-3.8004,102.2655,75.42,88.0,95.0,4.09,overcast clouds
213,Harstad,NO,2022-07-22 19:49:44,68.799,16.5293,52.16,99.0,99.0,21.0,overcast clouds
214,Paamiut,GL,2022-07-22 19:50:04,61.994,-49.6678,45.3,85.0,6.0,6.98,clear sky
215,Bend,US,2022-07-22 19:50:06,44.0582,-121.3153,82.33,24.0,0.0,8.05,clear sky
216,Portree,GB,2022-07-22 19:50:08,57.4129,-6.1942,57.52,87.0,100.0,2.26,overcast clouds
217,Tocopilla,CL,2022-07-22 19:48:09,-22.092,-70.1979,64.69,70.0,99.0,12.44,overcast clouds
218,Lusambo,CD,2022-07-22 19:50:12,-4.9667,23.45,80.87,36.0,84.0,1.59,broken clouds
219,Qaanaaq,GL,2022-07-22 19:50:13,77.484,-69.3632,41.34,86.0,99.0,9.04,light rain
220,Zhigansk,RU,2022-07-22 19:50:15,66.7697,123.3711,52.92,93.0,100.0,5.44,light rain
221,Ignacio zaragoza,MX,2022-07-22 19:50:17,28.3833,-107.2167,82.04,29.0,100.0,10.8,overcast clouds
222,Mount gambier,AU,2022-07-22 19:50:19,-37.8333,140.7667,51.06,97.0,100.0,9.01,moderate rain
223,Haines junction,CA,2022-07-22 19:50:21,60.7522,-137.5108,53.55,58.0,100.0,5.75,overcast clouds
224,Salalah,OM,2022-07-22 19:50:23,17.0151,54.0924,77.52,86.0,63.0,9.31,broken clouds
225,Saint-philippe,RE,2022-07-22 19:50:24,-21.3585,55.7679,66.22,83.0,40.0,12.77,light rain
226,Staryy nadym,RU,2022-07-22 19:50:26,65.6118,72.6842,45.52,95.0,100.0,6.31,overcast clouds
227,Olafsvik,IS,2022-07-22 19:50:28,64.8945,-23.7142,54.05,77.0,13.0,3.69,few clouds
228,Mount isa,AU,2022-07-22 19:50:30,-20.7333,139.5,40.77,65.0,0.0,2.3,clear sky
229,Marapanim,BR,2022-07-22 19:50:32,-0.7175,-47.6997,82.78,71.0,64.0,3.89,broken clouds
230,Sur,OM,2022-07-22 19:50:34,22.5667,59.5289,87.6,67.0,99.0,9.71,overcast clouds
231,Boshnyakovo,RU,2022-07-22 19:50:35,49.6333,142.1667,57.18,98.0,100.0,2.01,overcast clouds
232,Cabo san lucas,MX,2022-07-22 19:49:10,22.8909,-109.9124,99.61,57.0,86.0,8.63,overcast clouds
233,Sisimiut,GL,2022-07-22 19:51:39,66.9395,-53.6735,47.05,80.0,100.0,3.62,overcast clouds
234,Milazzo,IT,2022-07-22 19:51:41,38.2212,15.2383,82.98,69.0,0.0,1.01,clear sky
235,Morwa,IN,2022-07-22 19:51:43,22.9,73.8333,78.78,86.0,100.0,11.52,overcast clouds
236,Tasiilaq,GL,2022-07-22 19:51:45,65.6145,-37.6368,41.22,71.0,35.0,8.16,scattered clouds
237,Taitung,TW,2022-07-22 19:51:47,22.7583,121.1444,81.88,66.0,73.0,6.06,broken clouds
238,Celestun,MX,2022-07-22 19:51:49,20.8667,-90.4,86.05,68.0,35.0,14.29,scattered clouds
239,Srednekolymsk,RU,2022-07-22 19:51:51,67.45,153.6833,47.21,66.0,4.0,12.39,clear sky
240,Anajatuba,BR,2022-07-22 19:51:52,-3.2644,-44.6197,83.07,67.0,99.0,2.21,overcast clouds
241,Upernavik,GL,2022-07-22 19:49:42,72.7868,-56.1549,42.37,94.0,100.0,22.77,overcast clouds
242,Barra patuca,HN,2022-07-22 19:51:56,15.8,-84.2833,81.68,86.0,100.0,10.47,overcast clouds
243,Omsukchan,RU,2022-07-22 19:48:05,62.5333,155.8,53.65,45.0,44.0,3.51,scattered clouds
244,Santa rosa,AR,2022-07-22 19:48:46,14.3122,121.1114,82.38,85.0,78.0,5.01,broken clouds
245,Norman wells,CA,2022-07-22 19:52:01,65.282,-126.8329,71.64,60.0,75.0,8.05,broken clouds
246,Vestmannaeyjar,IS,2022-07-22 19:52:03,63.4427,-20.2734,50.99,93.0,75.0,4.61,mist
247,Lebu,CL,2022-07-22 19:52:05,-37.6167,-73.65,53.78,95.0,100.0,12.21,overcast clouds
248,Yeppoon,AU,2022-07-22 19:52:07,-23.1333,150.7333,58.78,83.0,14.0,10.38,few clouds
249,Douentza,ML,2022-07-22 19:52:09,14.9951,-2.9517,90.9,38.0,43.0,4.76,scattered clouds
250,Gao,ML,2022-07-22 19:52:11,16.6362,1.637,98.11,23.0,57.0,2.55,broken clouds
251,Yulara,AU,2022-07-22 19:52:12,-25.2406,130.9889,54.95,40.0,5.0,9.22,clear sky
252,Nelson bay,AU,2022-07-22 19:52:15,-32.7167,152.15,60.01,65.0,87.0,12.75,overcast clouds
253,Marystown,CA,2022-07-22 19:50:03,47.1666,-55.1483,70.86,100.0,60.0,1.01,broken clouds
254,Ken caryl,US,2022-07-22 19:52:18,39.5773,-105.1169,96.93,17.0,50.0,4.0,scattered clouds
255,Newcastle,AU,2022-07-22 19:52:20,-32.9272,151.7765,54.39,94.0,56.0,4.61,broken clouds
256,General roca,AR,2022-07-22 19:52:22,-39.0333,-67.5833,51.94,59.0,100.0,7.14,overcast clouds
257,Longavi,CL,2022-07-22 19:52:24,-35.9667,-71.6833,61.41,69.0,93.0,4.56,overcast clouds
258,Anton lizardo,MX,2022-07-22 19:52:26,19.05,-95.9833,91.22,66.0,33.0,9.17,scattered clouds
259,Te anau,NZ,2022-07-22 19:52:28,-45.4167,167.7167,31.33,95.0,70.0,2.17,broken clouds
260,New norfolk,AU,2022-07-22 19:52:30,-42.7826,147.0587,50.92,85.0,100.0,2.06,overcast clouds
261,Goya,AR,2022-07-22 19:52:31,-29.14,-59.2626,68.11,81.0,99.0,10.13,overcast clouds
262,Duluth,US,2022-07-22 19:48:52,46.7833,-92.1066,90.28,36.0,0.0,23.02,clear sky
263,Ushuaia,AR,2022-07-22 19:52:14,-54.8,-68.3,33.46,100.0,100.0,23.02,sleet
264,Puerto triunfo,CO,2022-07-22 19:52:37,5.8726,-74.6403,91.2,47.0,37.0,2.44,scattered clouds
265,Kidal,ML,2022-07-22 19:52:38,18.4411,1.4078,99.64,14.0,96.0,7.31,overcast clouds
266,Havre-saint-pierre,CA,2022-07-22 19:52:40,50.2334,-63.5986,68.36,94.0,100.0,5.75,overcast clouds
267,Arraial do cabo,BR,2022-07-22 19:52:42,-22.9661,-42.0278,78.76,78.0,0.0,13.8,clear sky
268,Nhulunbuy,AU,2022-07-22 19:52:44,-12.2333,136.7667,61.41,94.0,92.0,0.0,overcast clouds
269,Venado tuerto,AR,2022-07-22 19:52:46,-33.7456,-61.9688,71.69,37.0,0.0,6.62,clear sky
270,Mayo,CA,2022-07-22 19:52:48,38.8876,-76.5119,96.94,51.0,0.0,8.01,clear sky
271,Marigot,GP,2022-07-22 19:52:50,18.0667,-63.0833,87.58,59.0,75.0,17.27,broken clouds
272,San joaquin,PH,2022-07-22 19:52:51,37.9333,-121.3011,97.54,19.0,0.0,13.8,clear sky
273,Sembe,CG,2022-07-22 19:52:53,1.6481,14.5806,70.43,98.0,100.0,1.39,light rain
274,Meadow lake,CA,2022-07-22 19:52:55,34.8014,-106.5436,99.84,21.0,19.0,11.07,few clouds
275,Pathein,MM,2022-07-22 19:52:57,16.7833,94.7333,74.98,92.0,100.0,3.53,overcast clouds
276,Estelle,US,2022-07-22 19:52:59,29.8458,-90.1067,93.99,64.0,75.0,5.01,thunderstorm
277,Maceio,BR,2022-07-22 19:53:01,-9.6658,-35.7353,74.64,88.0,100.0,11.5,mist
278,Jutai,BR,2022-07-22 19:53:03,-5.1833,-68.9,79.54,91.0,84.0,1.52,broken clouds
279,Vila velha,BR,2022-07-22 19:53:05,-20.3297,-40.2925,78.75,79.0,20.0,11.5,few clouds
280,Avarua,CK,2022-07-22 19:50:48,-21.2078,-159.775,77.05,83.0,20.0,8.05,few clouds
281,Santa cruz,CR,2022-07-22 19:53:08,-17.8,-63.1667,85.46,51.0,75.0,18.41,broken clouds
282,Ladario,BR,2022-07-22 19:54:10,-19.0047,-57.6017,93.49,31.0,0.0,10.36,clear sky
283,Ancud,CL,2022-07-22 19:54:12,-41.8697,-73.8203,41.23,96.0,100.0,9.1,heavy intensity rain
284,Port augusta,AU,2022-07-22 19:54:14,-32.5,137.7667,56.26,65.0,99.0,9.93,overcast clouds
285,Tuatapere,NZ,2022-07-22 19:54:16,-46.1333,167.6833,35.91,93.0,15.0,3.71,few clouds
286,Butaritari,KI,2022-07-22 19:54:17,3.0707,172.7902,80.51,79.0,18.0,8.37,light rain
287,Rikitea,PF,2022-07-22 19:54:20,-23.1203,-134.9692,72.32,75.0,100.0,10.29,overcast clouds
288,Santa maria,CV,2022-07-22 19:53:22,-29.6842,-53.8069,72.7,78.0,75.0,4.61,moderate rain
289,Vila franca do campo,PT,2022-07-22 19:54:23,37.7167,-25.4333,73.81,73.0,85.0,1.95,overcast clouds
290,Sao filipe,CV,2022-07-22 19:54:25,14.8961,-24.4956,75.96,78.0,84.0,4.16,broken clouds
291,Praia da vitoria,PT,2022-07-22 19:54:29,38.7333,-27.0667,77.25,83.0,75.0,2.37,broken clouds
292,Shieli,KZ,2022-07-22 19:54:31,44.1667,66.75,89.17,19.0,0.0,13.44,clear sky
293,Chenzhou,CN,2022-07-22 19:50:15,25.8,113.0333,77.7,88.0,0.0,4.47,clear sky
294,Santa isabel do rio negro,BR,2022-07-22 19:54:34,-0.4139,-65.0192,81.36,91.0,75.0,0.81,broken clouds
295,Saskylakh,RU,2022-07-22 19:54:36,71.9167,114.0833,48.76,69.0,98.0,6.2,overcast clouds
296,Shubarkuduk,KZ,2022-07-22 19:54:38,49.1447,56.4872,73.62,52.0,27.0,6.58,scattered clouds
297,Margate,ZA,2022-07-22 19:54:08,51.3813,1.3862,65.3,80.0,50.0,3.0,scattered clouds
298,Talnakh,RU,2022-07-22 19:54:41,69.4865,88.3972,63.21,59.0,90.0,5.26,overcast clouds
299,Agua blanca,GT,2022-07-22 19:54:44,14.5,-89.65,84.38,61.0,51.0,7.72,broken clouds
300,Camajuani,CU,2022-07-22 19:54:46,22.4833,-79.75,86.68,67.0,25.0,13.09,scattered clouds
301,Ekibastuz,KZ,2022-07-22 19:54:47,51.6667,75.3667,65.32,64.0,26.0,8.37,scattered clouds
302,Buritizeiro,BR,2022-07-22 19:54:53,-17.3511,-44.9622,81.48,26.0,0.0,2.21,clear sky
303,Aksarayskiy,RU,2022-07-22 19:54:54,46.7924,48.0119,72.82,47.0,3.0,8.34,clear sky
304,Aromashevo,RU,2022-07-22 19:54:56,56.8602,68.6375,54.37,93.0,5.0,7.4,clear sky
305,East london,ZA,2022-07-22 19:54:58,-33.0153,27.9116,68.31,39.0,16.0,6.42,few clouds
306,Kawalu,ID,2022-07-22 19:55:00,-7.3817,108.2082,71.02,96.0,100.0,1.95,overcast clouds
307,Reggio di calabria,IT,2022-07-22 19:55:04,38.1105,15.6613,81.34,56.0,0.0,9.22,clear sky
308,Krasnoselkup,RU,2022-07-22 19:55:06,65.7,82.4667,50.9,92.0,84.0,12.48,broken clouds
309,Manokwari,ID,2022-07-22 19:55:08,-0.8667,134.0833,78.71,78.0,55.0,6.78,broken clouds
310,Rocha,UY,2022-07-22 19:55:10,-34.4833,-54.3333,60.15,85.0,50.0,5.48,scattered clouds
311,Olinda,BR,2022-07-22 19:51:06,-8.0089,-34.8553,78.53,73.0,40.0,12.66,scattered clouds
312,Miranda,BR,2022-07-22 19:55:16,3.2499,-76.2281,84.33,63.0,97.0,1.81,overcast clouds
313,Cabedelo,BR,2022-07-22 19:55:18,-6.9811,-34.8339,75.87,80.0,93.0,16.96,overcast clouds
314,Santa cruz de la palma,ES,2022-07-22 19:50:21,28.6835,-17.7642,78.13,78.0,20.0,16.11,few clouds
315,Cherskiy,RU,2022-07-22 19:55:22,68.75,161.3,42.42,65.0,10.0,4.38,clear sky
316,Esna,EG,2022-07-22 19:55:24,25.2934,32.554,91.42,19.0,27.0,12.73,scattered clouds
317,Saint-nazaire,FR,2022-07-22 19:55:26,47.2833,-2.2,71.58,68.0,20.0,5.75,few clouds
318,Santa lucia,ES,2022-07-22 19:55:28,27.9117,-15.5407,68.76,78.0,20.0,32.21,few clouds
319,Teya,RU,2022-07-22 19:55:29,60.3778,92.6267,55.69,98.0,98.0,3.89,overcast clouds
320,Bintulu,MY,2022-07-22 19:55:31,3.1667,113.0333,75.61,94.0,20.0,5.01,few clouds
321,Iskateley,RU,2022-07-22 19:55:33,67.6803,53.1512,50.23,64.0,100.0,9.22,overcast clouds
322,Turkistan,KZ,2022-07-22 19:55:35,43.0,68.0,90.73,19.0,0.0,11.86,clear sky
323,Oriximina,BR,2022-07-22 19:55:37,-1.7656,-55.8661,87.98,55.0,78.0,5.7,broken clouds
324,Yala,TH,2022-07-22 19:55:39,6.3333,101.25,73.63,98.0,92.0,3.11,overcast clouds
325,Umm kaddadah,SD,2022-07-22 19:55:41,13.6017,26.6876,90.45,33.0,1.0,7.02,clear sky
326,Najran,SA,2022-07-22 19:56:43,17.4924,44.1277,92.05,26.0,100.0,4.76,overcast clouds
327,Ribeira grande,PT,2022-07-22 19:56:45,38.5167,-28.7,77.4,83.0,40.0,10.36,light intensity shower rain
328,Mocajuba,BR,2022-07-22 19:56:46,-2.5842,-49.5072,89.06,46.0,100.0,2.24,overcast clouds
329,Lakeside,US,2022-07-22 19:56:50,30.13,-81.7682,96.96,57.0,67.0,1.99,broken clouds
330,Airai,PW,2022-07-22 19:56:52,-8.9266,125.4092,51.8,79.0,100.0,2.75,overcast clouds
331,Ushtobe,KZ,2022-07-22 19:56:54,45.2514,77.9838,76.93,32.0,2.0,1.23,clear sky
332,Mandeville,JM,2022-07-22 19:56:55,18.0417,-77.5071,84.74,53.0,21.0,12.8,few clouds
333,Eyl,SO,2022-07-22 19:56:57,7.9803,49.8164,78.03,76.0,100.0,24.27,overcast clouds
334,Zaysan,KZ,2022-07-22 19:56:59,47.4667,84.8667,63.16,79.0,95.0,3.11,overcast clouds
335,Tiksi,RU,2022-07-22 19:57:01,71.6872,128.8694,47.17,79.0,79.0,5.64,broken clouds
336,Georgetown,SH,2022-07-22 19:55:57,5.4112,100.3354,78.73,97.0,20.0,3.44,few clouds
337,Hobyo,SO,2022-07-22 19:57:05,5.3505,48.5268,76.23,80.0,16.0,23.85,few clouds
338,Tilichiki,RU,2022-07-22 19:57:07,60.4667,166.1,55.49,67.0,8.0,2.21,clear sky
339,Morant bay,JM,2022-07-22 19:57:09,17.8815,-76.4093,89.22,72.0,10.0,14.0,clear sky
340,Kropotkin,RU,2022-07-22 19:57:11,45.4375,40.5756,64.06,81.0,10.0,12.55,clear sky
341,Meulaboh,ID,2022-07-22 19:57:13,4.1363,96.1285,76.44,87.0,99.0,6.15,overcast clouds
342,Jamestown,SH,2022-07-22 19:55:56,42.097,-79.2353,86.05,52.0,20.0,13.8,few clouds
343,Tabuk,SA,2022-07-22 19:57:16,17.4189,121.4443,74.71,92.0,4.0,3.4,clear sky
344,Busembatia,UG,2022-07-22 19:57:18,0.7697,33.6131,68.81,64.0,88.0,3.78,overcast clouds
345,Botwood,CA,2022-07-22 19:57:20,49.1499,-55.3482,84.9,48.0,52.0,10.74,broken clouds
346,Velyka pysarivka,UA,2022-07-22 19:57:22,50.4259,35.485,58.66,94.0,9.0,10.94,clear sky
347,Plouzane,FR,2022-07-22 19:55:15,48.3833,-4.6167,62.92,72.0,0.0,9.22,clear sky
348,Turayf,SA,2022-07-22 19:57:26,31.6725,38.6637,88.05,30.0,0.0,13.8,clear sky
349,Kieta,PG,2022-07-22 19:57:28,-6.2167,155.6333,76.66,73.0,6.0,4.14,clear sky
350,Svetlyy,RU,2022-07-22 19:57:29,54.675,20.1347,68.97,91.0,37.0,5.93,scattered clouds
351,Biga,TR,2022-07-22 19:57:32,40.2281,27.2422,70.41,44.0,0.0,2.59,clear sky
352,Bambous virieux,MU,2022-07-22 19:56:17,-20.3428,57.7575,70.05,83.0,75.0,12.66,broken clouds
353,Champerico,GT,2022-07-22 19:57:35,14.3,-91.9167,91.94,72.0,54.0,11.68,broken clouds
354,Ena,JP,2022-07-22 19:57:40,35.4498,137.4128,70.66,97.0,82.0,1.45,broken clouds
355,Hami,CN,2022-07-22 19:57:42,42.8,93.45,79.61,18.0,0.0,0.96,clear sky
356,Darnah,LY,2022-07-22 19:57:44,32.767,22.6367,78.31,69.0,0.0,13.06,clear sky
357,Yatou,CN,2022-07-22 19:56:43,37.15,122.3833,71.85,90.0,100.0,1.97,moderate rain
358,Kachug,RU,2022-07-22 19:57:47,53.9606,105.8817,57.58,99.0,100.0,1.16,overcast clouds
359,Piranhas,BR,2022-07-22 19:57:49,-16.4269,-51.8222,89.85,22.0,5.0,5.97,clear sky
360,Sirur,IN,2022-07-22 19:57:50,18.8333,74.3833,73.74,83.0,100.0,12.3,overcast clouds
361,Petropavlovsk-kamchatskiy,RU,2022-07-22 19:57:52,53.0452,158.6483,55.99,88.0,75.0,2.24,broken clouds
362,Sembakung,ID,2022-07-22 19:57:54,3.8167,117.25,73.87,98.0,100.0,1.25,overcast clouds
363,Adrar,DZ,2022-07-22 19:55:03,20.5022,-10.0711,95.31,34.0,51.0,4.05,broken clouds
364,Standerton,ZA,2022-07-22 19:57:58,-26.9337,29.2415,57.27,42.0,100.0,3.91,overcast clouds
365,Lompoc,US,2022-07-22 19:55:02,34.6391,-120.4579,88.79,76.0,0.0,16.11,clear sky
366,Kuala terengganu,MY,2022-07-22 19:58:01,5.3302,103.1408,78.75,94.0,40.0,2.3,scattered clouds
367,Chicama,PE,2022-07-22 19:58:03,-7.8447,-79.1469,63.14,62.0,6.0,8.63,clear sky
368,Sisauli,IN,2022-07-22 19:58:05,29.4167,77.4667,81.18,80.0,99.0,2.98,overcast clouds
369,Saint anthony,CA,2022-07-22 19:53:44,45.0205,-93.218,93.92,39.0,2.0,4.0,clear sky
370,Cayenne,GF,2022-07-22 19:58:10,4.9333,-52.3333,85.08,4.0,0.0,3.44,clear sky
371,Rudbar,AF,2022-07-22 19:58:12,30.15,62.6,93.9,30.0,25.0,13.6,scattered clouds
372,Hasaki,JP,2022-07-22 19:55:59,35.7333,140.8333,75.6,88.0,0.0,17.94,clear sky
373,Saint-augustin,CA,2022-07-22 19:59:15,51.226,-58.6502,63.07,73.0,99.0,15.55,overcast clouds
374,Erenhot,CN,2022-07-22 19:59:17,43.6475,111.9767,67.17,40.0,61.0,12.59,broken clouds
375,Mirnyy,RU,2022-07-22 19:59:19,62.5353,113.9611,60.24,77.0,100.0,1.99,overcast clouds
376,Constantine,DZ,2022-07-22 19:59:21,36.365,6.6147,85.41,28.0,20.0,6.91,few clouds
377,Bagdarin,RU,2022-07-22 19:56:31,54.4333,113.6,61.07,96.0,96.0,4.23,overcast clouds
378,Alta floresta,BR,2022-07-22 19:59:26,-9.8756,-56.0861,96.62,23.0,20.0,2.3,few clouds
379,Pacific grove,US,2022-07-22 19:59:28,36.6177,-121.9166,82.38,87.0,32.0,11.01,scattered clouds
380,Grand gaube,MU,2022-07-22 19:59:29,-20.0064,57.6608,70.38,74.0,1.0,7.0,clear sky
381,Acapulco,MX,2022-07-22 19:54:47,16.8634,-99.8901,85.57,71.0,89.0,6.29,overcast clouds
382,Hithadhoo,MV,2022-07-22 19:59:33,-0.6,73.0833,81.54,73.0,100.0,7.81,overcast clouds
383,Tieling,CN,2022-07-22 19:59:34,42.2931,123.8414,69.12,90.0,100.0,4.36,overcast clouds
384,Kudahuvadhoo,MV,2022-07-22 19:59:40,2.6708,72.8944,82.76,74.0,99.0,15.01,overcast clouds
385,Port hardy,CA,2022-07-22 19:59:42,50.6996,-127.4199,60.98,77.0,75.0,4.61,broken clouds
386,Carstairs,CA,2022-07-22 19:59:43,51.5668,-114.102,72.84,61.0,49.0,5.01,scattered clouds
387,Khandyga,RU,2022-07-22 19:59:45,62.6667,135.6,64.44,96.0,100.0,2.89,light rain
388,Algeciras,PH,2022-07-22 19:59:47,36.1333,-5.4505,76.68,83.0,20.0,5.75,few clouds
389,Shelburne,CA,2022-07-22 19:59:49,44.0787,-80.2041,83.16,41.0,62.0,15.1,broken clouds
390,Saint-pierre,PM,2022-07-22 19:59:51,-21.3393,55.4781,68.92,72.0,20.0,4.61,few clouds
391,Khani,RU,2022-07-22 19:59:52,41.9563,42.9566,53.17,97.0,52.0,2.26,broken clouds
392,Uyuni,BO,2022-07-22 19:59:54,-20.4597,-66.825,54.64,17.0,1.0,13.42,clear sky
393,Severnyy,RU,2022-07-22 19:59:56,50.677,36.5532,59.04,88.0,0.0,6.71,clear sky
394,Saint-georges,GF,2022-07-22 19:59:59,12.0564,-61.7485,87.48,66.0,20.0,17.27,few clouds
395,Baykit,RU,2022-07-22 20:00:01,61.67,96.37,59.59,92.0,99.0,3.89,overcast clouds
396,Sinnamary,GF,2022-07-22 20:00:03,5.3833,-52.95,81.7,76.0,50.0,7.05,scattered clouds
397,Constitucion,MX,2022-07-22 20:00:06,-35.3333,-72.4167,58.98,80.0,15.0,10.96,few clouds
398,Yar-sale,RU,2022-07-22 20:00:08,66.8333,70.8333,44.6,95.0,100.0,15.99,overcast clouds
399,Nsoko,SZ,2022-07-22 20:00:10,-27.0333,31.95,62.26,94.0,1.0,3.2,clear sky
400,Nikolskoye,RU,2022-07-22 20:00:12,59.7035,30.7861,71.49,71.0,20.0,6.55,few clouds
401,Pevek,RU,2022-07-22 20:00:14,69.7008,170.3133,32.29,90.0,100.0,2.39,overcast clouds
402,Durusu,TR,2022-07-22 20:00:16,41.3053,28.6767,78.98,61.0,0.0,1.99,clear sky
403,Turukhansk,RU,2022-07-22 20:00:18,65.8167,87.9833,59.22,78.0,11.0,12.55,few clouds
404,Severo-kurilsk,RU,2022-07-22 20:00:20,50.6789,156.125,54.99,94.0,26.0,4.32,scattered clouds
405,Muravlenko,RU,2022-07-22 20:00:22,63.7898,74.523,48.56,74.0,91.0,10.54,overcast clouds
406,Anadyr,RU,2022-07-22 19:57:16,64.75,177.4833,48.7,81.0,75.0,4.47,broken clouds
407,Caravelas,BR,2022-07-22 20:00:25,-17.7125,-39.2481,72.61,78.0,4.0,5.32,clear sky
408,Mahebourg,MU,2022-07-22 20:00:27,-20.4081,57.7,70.25,77.0,5.0,17.72,clear sky
409,Buchanan,LR,2022-07-22 20:00:29,5.8808,-10.0467,76.12,79.0,50.0,9.51,scattered clouds
410,Sioux lookout,CA,2022-07-22 20:00:30,50.1001,-91.917,64.47,88.0,75.0,4.61,broken clouds
411,Deputatskiy,RU,2022-07-22 20:00:32,69.3,139.9,48.78,55.0,97.0,5.19,overcast clouds
412,Road town,VG,2022-07-22 19:55:51,18.4167,-64.6167,86.04,70.0,40.0,13.8,scattered clouds
413,Balakhta,RU,2022-07-22 20:00:38,55.38,91.6,53.69,89.0,89.0,3.13,overcast clouds
414,Yining,CN,2022-07-22 20:00:40,29.0361,114.5636,79.36,84.0,41.0,2.13,scattered clouds
415,Aklavik,CA,2022-07-22 20:00:42,68.2191,-135.0107,73.63,36.0,88.0,2.86,overcast clouds
416,Codrington,AG,2022-07-22 20:01:46,-38.2667,141.9667,51.44,92.0,100.0,12.24,light rain
417,Waddan,LY,2022-07-22 20:01:47,29.1614,16.139,84.36,27.0,0.0,8.46,clear sky
418,Harper,LR,2022-07-22 20:01:49,4.375,-7.7169,75.7,71.0,59.0,8.55,broken clouds
419,Hamilton,BM,2022-07-22 19:57:28,39.1834,-84.5333,94.5,51.0,0.0,5.99,clear sky
420,Longyearbyen,SJ,2022-07-22 20:01:55,78.2186,15.6401,48.04,93.0,75.0,5.75,broken clouds
421,Bac lieu,VN,2022-07-22 20:01:57,9.285,105.7244,79.05,79.0,100.0,2.01,overcast clouds
422,Portland,US,2022-07-22 20:00:38,45.5234,-122.6762,73.22,63.0,100.0,7.0,overcast clouds
423,Saint george,BM,2022-07-22 20:01:01,37.1041,-113.5841,111.63,12.0,0.0,9.22,clear sky
424,Khatanga,RU,2022-07-22 20:02:02,71.9667,102.5,43.83,89.0,100.0,14.54,overcast clouds
425,Angoche,MZ,2022-07-22 20:02:05,-16.2325,39.9086,72.41,73.0,0.0,7.43,clear sky
426,Robertsport,LR,2022-07-22 20:02:06,6.7533,-11.3686,78.01,79.0,91.0,15.28,overcast clouds
427,Taytayan,PH,2022-07-22 20:02:08,7.7339,126.5019,77.58,85.0,97.0,4.18,overcast clouds
428,Pailon,BO,2022-07-22 20:02:10,-17.65,-62.75,89.33,28.0,0.0,12.44,clear sky
429,Khatassy,RU,2022-07-22 20:02:12,61.9036,129.6383,64.38,99.0,100.0,3.29,moderate rain
430,Hohhot,CN,2022-07-22 20:00:08,40.8106,111.6522,60.46,64.0,0.0,1.3,clear sky
431,Republic,US,2022-07-22 20:02:18,37.12,-93.4802,100.83,28.0,0.0,1.01,clear sky
432,Beira,MZ,2022-07-22 19:57:30,-19.8436,34.8389,69.89,94.0,40.0,7.0,scattered clouds
433,Acarau,BR,2022-07-22 20:01:27,-2.8856,-40.12,82.78,70.0,80.0,17.27,broken clouds
434,Skibotn,NO,2022-07-22 20:02:24,69.3913,20.2679,52.77,83.0,98.0,7.25,overcast clouds
435,Baherden,TM,2022-07-22 20:02:27,38.4362,57.4316,88.88,51.0,0.0,10.36,clear sky
436,Axim,GH,2022-07-22 20:02:29,4.8699,-2.2405,75.47,75.0,99.0,7.52,overcast clouds
437,Pasighat,IN,2022-07-22 20:02:32,28.0667,95.3333,78.82,81.0,99.0,2.15,overcast clouds
438,Klaksvik,FO,2022-07-22 20:02:34,62.2266,-6.589,52.72,82.0,100.0,5.73,overcast clouds
439,Soe,ID,2022-07-22 20:02:35,-9.8607,124.284,56.93,91.0,97.0,4.09,overcast clouds
440,Hirara,JP,2022-07-22 20:02:38,24.8,125.2833,84.81,78.0,77.0,15.37,broken clouds
441,Eyrarbakki,IS,2022-07-22 20:02:40,63.863,-21.1481,56.21,94.0,100.0,4.18,overcast clouds
442,Gannan,CN,2022-07-22 20:02:41,47.9147,123.5031,66.0,94.0,73.0,4.45,broken clouds
443,Dikson,RU,2022-07-22 20:02:44,73.5069,80.5464,51.82,76.0,72.0,12.37,broken clouds
444,Grindavik,IS,2022-07-22 20:02:46,63.8424,-22.4338,54.9,87.0,75.0,4.61,broken clouds
445,Ganzhou,CN,2022-07-22 20:02:48,28.8184,115.4327,81.19,77.0,51.0,4.68,broken clouds
446,Itaqui,BR,2022-07-22 20:01:41,-29.1253,-56.5531,69.75,79.0,100.0,3.18,light rain
447,Tateyama,JP,2022-07-22 20:02:51,34.9833,139.8667,79.11,85.0,0.0,18.54,clear sky
448,Czersk,PL,2022-07-22 20:02:53,53.7959,17.9765,67.46,86.0,0.0,5.39,clear sky
449,Cairns,AU,2022-07-22 20:02:55,-16.9167,145.7667,65.07,90.0,7.0,10.36,clear sky
450,Yeniseysk,RU,2022-07-22 20:02:57,58.4497,92.1703,55.42,99.0,66.0,4.92,broken clouds
451,Ngunguru,NZ,2022-07-22 20:02:59,-35.6167,174.5,55.58,68.0,100.0,12.39,overcast clouds
452,Saint-francois,GP,2022-07-22 20:03:01,46.4154,3.9054,78.24,53.0,0.0,3.44,clear sky
453,Portland,AU,2022-07-22 20:00:38,45.5234,-122.6762,73.22,63.0,100.0,7.0,overcast clouds
454,Arlit,NE,2022-07-22 19:58:16,18.7369,7.3853,102.61,12.0,56.0,6.08,broken clouds
455,Luderitz,NA,2022-07-22 20:03:06,-26.6481,15.1594,59.32,69.0,77.0,15.32,broken clouds
456,Belyy yar,RU,2022-07-22 20:03:08,53.6039,91.3903,60.69,88.0,40.0,11.18,moderate rain
457,Sakaiminato,JP,2022-07-22 20:03:10,35.55,133.2333,73.15,86.0,79.0,7.38,broken clouds
458,Fajardo,US,2022-07-22 20:03:12,18.3258,-65.6524,85.78,75.0,21.0,15.77,few clouds
459,Port lincoln,AU,2022-07-22 20:03:13,-34.7333,135.8667,52.61,70.0,95.0,6.29,overcast clouds
460,Carnarvon,AU,2022-07-22 20:03:15,-24.8667,113.6333,62.65,65.0,0.0,11.79,clear sky
461,Kununurra,AU,2022-07-22 20:03:17,-15.7667,128.7333,53.58,82.0,19.0,2.3,few clouds
462,Port macquarie,AU,2022-07-22 20:03:19,-31.4333,152.9167,52.9,81.0,67.0,11.68,broken clouds
463,Bilma,NE,2022-07-22 20:02:26,18.6853,12.9164,95.18,23.0,56.0,3.51,broken clouds
464,Yerbogachen,RU,2022-07-22 20:04:23,61.2767,108.0108,60.46,73.0,100.0,4.76,overcast clouds
465,Itarema,BR,2022-07-22 20:04:25,-2.9248,-39.9167,81.61,73.0,76.0,17.02,broken clouds
466,Armeria,MX,2022-07-22 20:04:28,18.9333,-103.9667,88.75,63.0,96.0,8.68,overcast clouds
467,Diffa,NE,2022-07-22 20:04:30,13.3154,12.6113,88.7,50.0,84.0,5.17,broken clouds
468,Lakes entrance,AU,2022-07-22 20:04:32,-37.8811,147.981,46.71,74.0,100.0,4.5,light rain
469,Gamba,GA,2022-07-22 20:02:16,-2.65,10.0,69.21,84.0,38.0,8.23,scattered clouds
470,Thompson,CA,2022-07-22 20:03:11,55.7435,-97.8558,63.43,59.0,100.0,6.08,overcast clouds
471,Shebunino,RU,2022-07-22 20:04:37,46.4339,141.8603,58.17,92.0,64.0,4.47,broken clouds
472,Roma,AU,2022-07-22 20:00:03,43.2128,-75.4557,89.96,42.0,38.0,10.02,scattered clouds
473,Filingue,NE,2022-07-22 20:04:40,14.3521,3.3168,92.55,40.0,100.0,6.29,overcast clouds
474,Geraldton,CA,2022-07-22 20:02:25,-28.7667,114.6,52.21,82.0,40.0,13.8,scattered clouds
475,Laguna,BR,2022-07-22 20:01:41,38.421,-121.4238,97.75,29.0,0.0,8.05,clear sky
476,Niksar,TR,2022-07-22 20:04:45,40.5917,36.9517,60.4,90.0,1.0,2.66,clear sky
477,Oranjemund,NA,2022-07-22 20:04:47,-28.55,16.4333,54.84,91.0,74.0,8.46,broken clouds
478,Port blair,IN,2022-07-22 20:04:49,11.6667,92.75,80.98,82.0,100.0,7.96,light rain
479,Carrollton,US,2022-07-22 20:00:23,32.9537,-96.8903,104.54,36.0,65.0,8.01,broken clouds
480,Topolobampo,MX,2022-07-22 20:04:53,25.6,-109.05,96.71,46.0,20.0,19.57,few clouds
481,Provideniya,RU,2022-07-22 20:03:35,64.3833,-173.3,46.94,66.0,52.0,9.26,broken clouds
482,Castro,CL,2022-07-22 20:04:56,-24.7911,-50.0119,68.2,60.0,55.0,4.25,broken clouds
483,Sovetskiy,RU,2022-07-22 20:04:58,61.3614,63.5842,50.95,62.0,100.0,5.55,overcast clouds
484,Goderich,CA,2022-07-22 20:02:10,43.7501,-81.7165,77.92,59.0,0.0,1.25,clear sky
485,Whitehorse,CA,2022-07-22 20:05:01,60.7161,-135.0538,52.11,54.0,100.0,10.25,overcast clouds
486,Mayumba,GA,2022-07-22 20:05:03,-3.432,10.6554,68.95,88.0,75.0,6.67,broken clouds
487,Novoagansk,RU,2022-07-22 20:05:06,61.9449,76.6625,47.89,71.0,100.0,10.09,overcast clouds
488,Tual,ID,2022-07-22 20:05:08,-5.6667,132.75,77.41,75.0,100.0,14.45,overcast clouds
489,Ishigaki,JP,2022-07-22 20:05:10,24.3448,124.1572,84.92,78.0,31.0,15.1,scattered clouds
490,Maningrida,AU,2022-07-22 20:05:12,-12.0667,134.2667,52.43,69.0,43.0,8.46,scattered clouds
491,Laranja da terra,BR,2022-07-22 20:05:14,-19.8989,-41.0567,77.7,47.0,51.0,5.88,broken clouds
492,Torbay,CA,2022-07-22 20:03:19,47.6666,-52.7314,67.57,77.0,14.0,5.01,few clouds
493,Coihaique,CL,2022-07-22 20:04:00,-45.5752,-72.0662,30.54,94.0,100.0,2.1,overcast clouds
494,Mareeba,AU,2022-07-22 20:05:19,-17.0,145.4333,60.44,87.0,8.0,2.26,clear sky
495,San francisco,US,2022-07-22 20:04:34,37.7749,-122.4194,92.03,70.0,20.0,19.57,few clouds
496,Beringovskiy,RU,2022-07-22 20:05:23,63.05,179.3167,49.17,75.0,100.0,10.0,overcast clouds
497,Nogales,MX,2022-07-22 20:03:46,31.3086,-110.9422,95.72,38.0,0.0,3.44,clear sky
498,Manicore,BR,2022-07-22 20:03:33,-5.8092,-61.3003,85.73,62.0,100.0,2.01,overcast clouds
499,Palora,EC,2022-07-22 20:05:28,-1.7,-77.9333,78.91,52.0,99.0,3.38,overcast clouds
500,Garissa,KE,2022-07-22 20:05:30,-0.4536,39.6401,73.69,68.0,97.0,22.68,overcast clouds
501,Los llanos de aridane,ES,2022-07-22 20:04:49,28.6585,-17.9182,74.12,84.0,20.0,16.11,few clouds
502,Ituiutaba,BR,2022-07-22 20:01:54,-18.9689,-49.465,83.55,24.0,0.0,7.63,clear sky
503,Parkes,AU,2022-07-22 20:05:35,-33.1333,148.1833,41.36,83.0,79.0,4.72,broken clouds
504,Waingapu,ID,2022-07-22 20:05:37,-9.6567,120.2641,70.81,84.0,100.0,8.21,overcast clouds
505,Walvis bay,NA,2022-07-22 20:05:39,-22.9575,14.5053,58.08,53.0,0.0,8.63,clear sky
506,Coquimbo,CL,2022-07-22 20:03:17,-29.9533,-71.3436,58.35,82.0,12.0,3.6,few clouds
507,Sheregesh,RU,2022-07-22 20:05:42,52.9209,87.9869,52.34,98.0,100.0,4.61,overcast clouds
508,Cidreira,BR,2022-07-22 20:05:44,-30.1811,-50.2056,64.51,91.0,95.0,3.31,light rain
509,Mutare,ZW,2022-07-22 20:05:46,-18.9707,32.6709,53.91,79.0,1.0,4.65,clear sky
510,Tuktoyaktuk,CA,2022-07-22 20:01:38,69.4541,-133.0374,58.03,64.0,94.0,4.9,overcast clouds
511,Warmbad,NA,2022-07-22 20:05:50,-28.45,18.7333,64.15,26.0,55.0,0.76,broken clouds
512,Albany,AU,2022-07-22 20:06:55,42.6001,-73.9662,91.62,43.0,18.0,1.01,few clouds
513,Ilulissat,GL,2022-07-22 20:06:57,69.2167,-51.1,51.82,87.0,100.0,8.05,light rain
514,Guerrero negro,MX,2022-07-22 20:04:10,27.9769,-114.0611,76.64,56.0,34.0,19.19,scattered clouds
515,Pudozh,RU,2022-07-22 20:07:01,61.8099,36.5345,64.44,79.0,84.0,3.96,broken clouds
516,Likasi,CD,2022-07-22 20:07:03,-10.9814,26.7333,61.48,49.0,8.0,3.65,clear sky
517,Tarauaca,BR,2022-07-22 20:07:05,-8.1614,-70.7656,92.35,40.0,76.0,2.01,broken clouds
518,Caluquembe,AO,2022-07-22 20:07:07,-13.7833,14.6833,60.96,30.0,4.0,0.83,clear sky
519,Lensk,RU,2022-07-22 20:07:09,60.7253,114.9278,60.22,97.0,92.0,3.83,overcast clouds
520,Phan thiet,VN,2022-07-22 20:05:54,10.9333,108.1,76.03,88.0,94.0,1.7,overcast clouds
521,Kamaishi,JP,2022-07-22 20:07:14,39.2667,141.8833,71.76,98.0,68.0,2.15,broken clouds
522,Nanakuli,US,2022-07-22 20:07:16,21.3906,-158.1547,84.15,56.0,75.0,10.36,broken clouds
523,Ixtapa,MX,2022-07-22 20:07:18,20.7,-105.2,91.22,70.0,75.0,9.22,broken clouds
524,Gilgit,PK,2022-07-22 20:07:19,35.9221,74.3087,86.68,50.0,100.0,4.52,overcast clouds
525,Port alfred,ZA,2022-07-22 20:07:21,-33.5906,26.891,64.45,65.0,100.0,8.77,overcast clouds
526,Atambua,ID,2022-07-22 20:07:23,-9.1061,124.8925,64.72,86.0,90.0,5.77,overcast clouds
527,Leshukonskoye,RU,2022-07-22 20:07:25,64.8989,45.7622,65.1,67.0,49.0,7.16,scattered clouds
528,Marawi,SD,2022-07-22 20:07:27,7.9986,124.2928,68.79,94.0,97.0,2.84,overcast clouds
529,Port elizabeth,ZA,2022-07-22 20:03:28,-33.918,25.5701,59.31,74.0,0.0,11.5,clear sky
530,Victoria,SC,2022-07-22 20:05:20,22.2855,114.1577,87.19,81.0,55.0,8.01,broken clouds
531,Fortuna,US,2022-07-22 20:07:36,40.5982,-124.1573,67.93,71.0,9.0,3.0,clear sky
532,Dunedin,NZ,2022-07-22 20:06:46,-45.8742,170.5036,43.81,82.0,16.0,8.01,few clouds
533,Qujing,CN,2022-07-22 20:07:39,25.4833,103.7833,62.01,93.0,100.0,4.56,overcast clouds
534,Kashi,CN,2022-07-22 20:07:41,39.4547,75.9797,81.99,18.0,0.0,3.87,clear sky
535,Chok chai,TH,2022-07-22 20:07:43,14.7284,102.1652,76.19,90.0,100.0,4.61,overcast clouds
536,Fernandopolis,BR,2022-07-22 20:07:45,-20.2839,-50.2464,84.07,22.0,93.0,5.66,overcast clouds
537,Korla,CN,2022-07-22 20:07:48,41.7597,86.1469,81.75,23.0,0.0,2.48,clear sky
538,Sao joao da barra,BR,2022-07-22 20:07:50,-21.6403,-41.0511,77.09,81.0,0.0,13.71,clear sky
539,Punta arenas,CL,2022-07-22 20:07:52,-53.15,-70.9167,39.31,70.0,0.0,13.8,clear sky
540,Touros,BR,2022-07-22 20:07:54,-5.1989,-35.4608,77.25,82.0,100.0,15.55,overcast clouds
541,Bara,SD,2022-07-22 20:06:53,10.3744,10.7288,76.42,80.0,95.0,6.98,overcast clouds
542,Waitati,NZ,2022-07-22 20:07:58,-45.75,170.5667,43.81,82.0,14.0,5.06,few clouds
543,Surin,TH,2022-07-22 20:07:59,14.8818,103.4936,76.68,88.0,100.0,5.19,overcast clouds
544,Bambanglipuro,ID,2022-07-22 20:05:26,-7.95,110.2833,73.65,87.0,65.0,5.01,broken clouds
545,Wakefield,NZ,2022-07-22 20:05:39,53.6809,-1.499,63.63,83.0,63.0,4.43,broken clouds
546,Komsomolskiy,RU,2022-07-22 20:08:05,40.4272,71.7189,83.12,30.0,0.0,4.61,clear sky
547,Sechura,PE,2022-07-22 20:08:07,-5.5569,-80.8222,71.56,65.0,18.0,14.43,few clouds
548,Richards bay,ZA,2022-07-22 20:08:09,-28.783,32.0377,67.15,82.0,0.0,12.44,clear sky
549,Iqaluit,CA,2022-07-22 20:05:19,63.7506,-68.5145,43.05,77.0,96.0,7.54,overcast clouds
550,Ponta do sol,PT,2022-07-22 20:08:12,32.6667,-17.1,73.71,77.0,4.0,6.51,clear sky
551,Rongcheng,CN,2022-07-22 20:08:14,30.634,117.8517,81.09,84.0,100.0,3.76,overcast clouds
552,Pisco,PE,2022-07-22 20:08:16,-13.7,-76.2167,62.65,77.0,40.0,10.36,smoke
553,Luau,AO,2022-07-22 20:08:18,-10.7073,22.2247,72.14,29.0,100.0,4.05,overcast clouds
554,Iroquois falls,CA,2022-07-22 20:08:21,48.7669,-80.6831,74.19,55.0,100.0,8.68,overcast clouds
555,Berlevag,NO,2022-07-22 20:08:22,70.8578,29.0864,55.2,82.0,75.0,19.57,broken clouds
556,Zapolyarnyy,RU,2022-07-22 20:08:24,69.4154,30.8136,56.48,83.0,17.0,5.64,few clouds
557,Tori fatehpur,IN,2022-07-22 20:09:27,25.45,79.1333,82.56,79.0,100.0,2.28,moderate rain
558,Alice town,BS,2022-07-22 20:09:29,25.7167,-79.3,83.95,74.0,2.0,13.33,clear sky
559,Kaduqli,SD,2022-07-22 20:09:31,11.0167,29.7167,81.19,57.0,51.0,2.86,broken clouds
560,Luena,AO,2022-07-22 20:09:33,-11.7833,19.9167,65.03,38.0,76.0,3.96,broken clouds
561,Bocana de paiwas,NI,2022-07-22 20:09:35,12.7857,-85.1227,74.03,95.0,100.0,8.16,overcast clouds
562,Oussouye,SN,2022-07-22 20:09:37,12.485,-16.5469,77.83,89.0,100.0,12.62,moderate rain
563,Atchison,US,2022-07-22 20:09:39,39.563,-95.1216,99.19,55.0,4.0,15.66,clear sky
564,Saldanha,ZA,2022-07-22 20:09:40,-33.0117,17.9442,56.21,89.0,100.0,4.14,overcast clouds
565,Bonanza,NI,2022-07-22 20:09:42,14.0289,-84.591,75.34,97.0,100.0,1.45,overcast clouds
566,Kolobrzeg,PL,2022-07-22 20:09:44,54.1757,15.5834,67.15,78.0,50.0,3.85,scattered clouds
567,Medianeira,BR,2022-07-22 20:09:46,-25.2953,-54.0939,73.8,62.0,100.0,6.02,overcast clouds
568,Zyryanka,RU,2022-07-22 20:09:50,65.75,150.85,57.72,48.0,13.0,2.08,few clouds
569,Hokitika,NZ,2022-07-22 20:08:29,-42.7167,170.9667,45.12,71.0,100.0,8.39,overcast clouds
570,Namibe,AO,2022-07-22 20:09:53,-15.1961,12.1522,62.42,88.0,10.0,3.22,clear sky
571,Westport,IE,2022-07-22 20:05:03,41.1415,-73.3579,96.44,43.0,0.0,11.5,clear sky
572,Boguchany,RU,2022-07-22 20:09:57,58.3814,97.4531,57.47,95.0,76.0,3.18,broken clouds
573,Lasa,CN,2022-07-22 20:09:58,46.6166,10.7002,68.67,83.0,77.0,3.33,broken clouds
574,Wexford,IE,2022-07-22 20:10:00,52.3342,-6.4575,62.22,79.0,61.0,10.49,broken clouds
575,Suclayin,PH,2022-07-22 20:10:02,15.7568,121.5503,77.04,93.0,4.0,2.59,clear sky
576,Marsh harbour,BS,2022-07-22 20:05:30,26.5412,-77.0636,83.97,71.0,0.0,15.28,clear sky
577,Maun,BW,2022-07-22 20:10:06,-19.9833,23.4167,64.6,41.0,56.0,6.76,broken clouds
578,Kaitangata,NZ,2022-07-22 20:08:24,-46.2817,169.8464,36.46,92.0,15.0,3.06,few clouds
579,Garden city,US,2022-07-22 20:10:09,42.3256,-83.331,92.03,37.0,20.0,12.66,few clouds
580,Islamkot,PK,2022-07-22 20:10:11,24.6997,70.177,84.04,81.0,99.0,18.79,overcast clouds
581,Aswan,EG,2022-07-22 20:10:14,24.0934,32.907,91.67,14.0,31.0,13.04,scattered clouds
582,Half moon bay,US,2022-07-22 20:10:16,37.4636,-122.4286,86.54,65.0,0.0,19.57,mist
